ean;bron;licentie;url
0052742011561;Open Pet Food Facts;CC BY-SA 3.0;https://world.openpetfoodfacts.org/product/0052742011561
0052742021522;Open Pet Food Facts;CC BY-SA 3.0;https://world.openpetfoodfacts.org/product/0052742021522
0052742022802;Open Pet Food Facts;CC BY-SA 3.0;https://world.openpetfoodfacts.org/product/0052742022802
0052742022925;Open Pet Food Facts;CC BY-SA 3.0;https://world.openpetfoodfacts.org/product/0052742022925
0052742023885;Open Pet Food Facts;CC BY-SA 3.0;https://world.openpetfoodfacts.org/product/0052742023885
0052742024271;Open Pet Food Facts;CC BY-SA 3.0;https://world.openpetfoodfacts.org/product/0052742024271
0052742024745;Open Pet Food Facts;CC BY-SA 3.0;https://world.openpetfoodfacts.org/product/0052742024745
0052742024783;Open Pet Food Facts;CC BY-SA 3.0;https://world.openpetfoodfacts.org/product/0052742024783
0052742025339;Open Pet Food Facts;CC BY-SA 3.0;https://world.openpetfoodfacts.org/product/0052742025339
0052742025742;Open Pet Food Facts;CC BY-SA 3.0;https://world.openpetfoodfacts.org/product/0052742025742
0052742026862;Open Pet Food Facts;CC BY-SA 3.0;https://world.openpetfoodfacts.org/product/0052742026862
0052742027005;Open Pet Food Facts;CC BY-SA 3.0;https://world.openpetfoodfacts.org/product/0052742027005
0052742035970;Open Pet Food Facts;CC BY-SA 3.0;https://world.openpetfoodfacts.org/product/0052742035970
0052742039893;Open Pet Food Facts;CC BY-SA 3.0;https://world.openpetfoodfacts.org/product/0052742039893
0052742040578;Open Pet Food Facts;CC BY-SA 3.0;https://world.openpetfoodfacts.org/product/0052742040578
0052742040707;Open Pet Food Facts;CC BY-SA 3.0;https://world.openpetfoodfacts.org/product/0052742040707
0052742042084;Open Pet Food Facts;CC BY-SA 3.0;https://world.openpetfoodfacts.org/product/0052742042084
0052742042237;Open Pet Food Facts;CC BY-SA 3.0;https://world.openpetfoodfacts.org/product/0052742042237
0052742043142;Open Pet Food Facts;CC BY-SA 3.0;https://world.openpetfoodfacts.org/product/0052742043142
0052742043760;Open Pet Food Facts;CC BY-SA 3.0;https://world.openpetfoodfacts.org/product/0052742043760
0052742052823;Open Pet Food Facts;CC BY-SA 3.0;https://world.openpetfoodfacts.org/product/0052742052823
0052742057941;Open Pet Food Facts;CC BY-SA 3.0;https://world.openpetfoodfacts.org/product/0052742057941
0052742188416;Open Pet Food Facts;CC BY-SA 3.0;https://world.openpetfoodfacts.org/product/0052742188416
0052742194301;Open Pet Food Facts;CC BY-SA 3.0;https://world.openpetfoodfacts.org/product/0052742194301
0052742211008;Open Pet Food Facts;CC BY-SA 3.0;https://world.openpetfoodfacts.org/product/0052742211008
0052742211107;Open Pet Food Facts;CC BY-SA 3.0;https://world.openpetfoodfacts.org/product/0052742211107
0052742211206;Open Pet Food Facts;CC BY-SA 3.0;https://world.openpetfoodfacts.org/product/0052742211206
0052742211909;Open Pet Food Facts;CC BY-SA 3.0;https://world.openpetfoodfacts.org/product/0052742211909
0052742282602;Open Pet Food Facts;CC BY-SA 3.0;https://world.openpetfoodfacts.org/product/0052742282602
0052742335308;Open Pet Food Facts;CC BY-SA 3.0;https://world.openpetfoodfacts.org/product/0052742335308
0052742376608;Open Pet Food Facts;CC BY-SA 3.0;https://world.openpetfoodfacts.org/product/0052742376608
0052742428109;Open Pet Food Facts;CC BY-SA 3.0;https://world.openpetfoodfacts.org/product/0052742428109
0052742567006;Open Pet Food Facts;CC BY-SA 3.0;https://world.openpetfoodfacts.org/product/0052742567006
0052742770307;Open Pet Food Facts;CC BY-SA 3.0;https://world.openpetfoodfacts.org/product/0052742770307
0052742869506;Open Pet Food Facts;CC BY-SA 3.0;https://world.openpetfoodfacts.org/product/0052742869506
0052742877006;Open Pet Food Facts;CC BY-SA 3.0;https://world.openpetfoodfacts.org/product/0052742877006
0052742918600;Open Pet Food Facts;CC BY-SA 3.0;https://world.openpetfoodfacts.org/product/0052742918600
0052742933900;Open Pet Food Facts;CC BY-SA 3.0;https://world.openpetfoodfacts.org/product/0052742933900
0052742935300;Open Pet Food Facts;CC BY-SA 3.0;https://world.openpetfoodfacts.org/product/0052742935300
0064992180126;Open Pet Food Facts;CC BY-SA 3.0;https://world.openpetfoodfacts.org/product/0064992180126
0064992181604;Open Pet Food Facts;CC BY-SA 3.0;https://world.openpetfoodfacts.org/product/0064992181604
0064992183127;Open Pet Food Facts;CC BY-SA 3.0;https://world.openpetfoodfacts.org/product/0064992183127
0064992184124;Open Pet Food Facts;CC BY-SA 3.0;https://world.openpetfoodfacts.org/product/0064992184124
0064992185121;Open Pet Food Facts;CC BY-SA 3.0;https://world.openpetfoodfacts.org/product/0064992185121
0064992186128;Open Pet Food Facts;CC BY-SA 3.0;https://world.openpetfoodfacts.org/product/0064992186128
0064992187200;Open Pet Food Facts;CC BY-SA 3.0;https://world.openpetfoodfacts.org/product/0064992187200
0064992281182;Open Pet Food Facts;CC BY-SA 3.0;https://world.openpetfoodfacts.org/product/0064992281182
0064992282189;Open Pet Food Facts;CC BY-SA 3.0;https://world.openpetfoodfacts.org/product/0064992282189
0064992283186;Open Pet Food Facts;CC BY-SA 3.0;https://world.openpetfoodfacts.org/product/0064992283186
0064992284183;Open Pet Food Facts;CC BY-SA 3.0;https://world.openpetfoodfacts.org/product/0064992284183
0064992512200;Open Pet Food Facts;CC BY-SA 3.0;https://world.openpetfoodfacts.org/product/0064992512200
0064992523206;Open Pet Food Facts;CC BY-SA 3.0;https://world.openpetfoodfacts.org/product/0064992523206
0064992525118;Open Pet Food Facts;CC BY-SA 3.0;https://world.openpetfoodfacts.org/product/0064992525118
0064992714482;Open Pet Food Facts;CC BY-SA 3.0;https://world.openpetfoodfacts.org/product/0064992714482
0064992714765;Open Pet Food Facts;CC BY-SA 3.0;https://world.openpetfoodfacts.org/product/0064992714765
0076344106425;Open Pet Food Facts;CC BY-SA 3.0;https://world.openpetfoodfacts.org/product/0076344106425
0076344107279;Open Pet Food Facts;CC BY-SA 3.0;https://world.openpetfoodfacts.org/product/0076344107279
0076344108122;Open Pet Food Facts;CC BY-SA 3.0;https://world.openpetfoodfacts.org/product/0076344108122
0076344116608;Open Pet Food Facts;CC BY-SA 3.0;https://world.openpetfoodfacts.org/product/0076344116608
0076344118459;Open Pet Food Facts;CC BY-SA 3.0;https://world.openpetfoodfacts.org/product/0076344118459
0076344118473;Open Pet Food Facts;CC BY-SA 3.0;https://world.openpetfoodfacts.org/product/0076344118473
0076344118480;Open Pet Food Facts;CC BY-SA 3.0;https://world.openpetfoodfacts.org/product/0076344118480
3065890108523;Open Pet Food Facts;CC BY-SA 3.0;https://world.openpetfoodfacts.org/product/3065890108523
3065890136007;Open Pet Food Facts;CC BY-SA 3.0;https://world.openpetfoodfacts.org/product/3065890136007
3065890153585;Open Pet Food Facts;CC BY-SA 3.0;https://world.openpetfoodfacts.org/product/3065890153585
3065890153660;Open Pet Food Facts;CC BY-SA 3.0;https://world.openpetfoodfacts.org/product/3065890153660
3182550402149;Open Pet Food Facts;CC BY-SA 3.0;https://world.openpetfoodfacts.org/product/3182550402149
3182550402293;Open Pet Food Facts;CC BY-SA 3.0;https://world.openpetfoodfacts.org/product/3182550402293
3182550702607;Open Pet Food Facts;CC BY-SA 3.0;https://world.openpetfoodfacts.org/product/3182550702607
3182550704618;Open Pet Food Facts;CC BY-SA 3.0;https://world.openpetfoodfacts.org/product/3182550704618
3182550706810;Open Pet Food Facts;CC BY-SA 3.0;https://world.openpetfoodfacts.org/product/3182550706810
3182550707305;Open Pet Food Facts;CC BY-SA 3.0;https://world.openpetfoodfacts.org/product/3182550707305
3182550708180;Open Pet Food Facts;CC BY-SA 3.0;https://world.openpetfoodfacts.org/product/3182550708180
3182550708203;Open Pet Food Facts;CC BY-SA 3.0;https://world.openpetfoodfacts.org/product/3182550708203
3182550710862;Open Pet Food Facts;CC BY-SA 3.0;https://world.openpetfoodfacts.org/product/3182550710862
3182550710992;Open Pet Food Facts;CC BY-SA 3.0;https://world.openpetfoodfacts.org/product/3182550710992
3182550711043;Open Pet Food Facts;CC BY-SA 3.0;https://world.openpetfoodfacts.org/product/3182550711043
3182550711067;Open Pet Food Facts;CC BY-SA 3.0;https://world.openpetfoodfacts.org/product/3182550711067
3182550711395;Open Pet Food Facts;CC BY-SA 3.0;https://world.openpetfoodfacts.org/product/3182550711395
3182550715614;Open Pet Food Facts;CC BY-SA 3.0;https://world.openpetfoodfacts.org/product/3182550715614
3182550715737;Open Pet Food Facts;CC BY-SA 3.0;https://world.openpetfoodfacts.org/product/3182550715737
3182550716857;Open Pet Food Facts;CC BY-SA 3.0;https://world.openpetfoodfacts.org/product/3182550716857
3182550717120;Open Pet Food Facts;CC BY-SA 3.0;https://world.openpetfoodfacts.org/product/3182550717120
3182550717175;Open Pet Food Facts;CC BY-SA 3.0;https://world.openpetfoodfacts.org/product/3182550717175
3182550717335;Open Pet Food Facts;CC BY-SA 3.0;https://world.openpetfoodfacts.org/product/3182550717335
3182550717687;Open Pet Food Facts;CC BY-SA 3.0;https://world.openpetfoodfacts.org/product/3182550717687
3182550719797;Open Pet Food Facts;CC BY-SA 3.0;https://world.openpetfoodfacts.org/product/3182550719797
3182550721219;Open Pet Food Facts;CC BY-SA 3.0;https://world.openpetfoodfacts.org/product/3182550721219
3182550721394;Open Pet Food Facts;CC BY-SA 3.0;https://world.openpetfoodfacts.org/product/3182550721394
3182550721721;Open Pet Food Facts;CC BY-SA 3.0;https://world.openpetfoodfacts.org/product/3182550721721
3182550722308;Open Pet Food Facts;CC BY-SA 3.0;https://world.openpetfoodfacts.org/product/3182550722308
3182550722544;Open Pet Food Facts;CC BY-SA 3.0;https://world.openpetfoodfacts.org/product/3182550722544
3182550722605;Open Pet Food Facts;CC BY-SA 3.0;https://world.openpetfoodfacts.org/product/3182550722605
3182550725507;Open Pet Food Facts;CC BY-SA 3.0;https://world.openpetfoodfacts.org/product/3182550725507
3182550728102;Open Pet Food Facts;CC BY-SA 3.0;https://world.openpetfoodfacts.org/product/3182550728102
3182550737555;Open Pet Food Facts;CC BY-SA 3.0;https://world.openpetfoodfacts.org/product/3182550737555
3182550743174;Open Pet Food Facts;CC BY-SA 3.0;https://world.openpetfoodfacts.org/product/3182550743174
3182550743228;Open Pet Food Facts;CC BY-SA 3.0;https://world.openpetfoodfacts.org/product/3182550743228
3182550743433;Open Pet Food Facts;CC BY-SA 3.0;https://world.openpetfoodfacts.org/product/3182550743433
3182550743471;Open Pet Food Facts;CC BY-SA 3.0;https://world.openpetfoodfacts.org/product/3182550743471
3182550743501;Open Pet Food Facts;CC BY-SA 3.0;https://world.openpetfoodfacts.org/product/3182550743501
3182550743709;Open Pet Food Facts;CC BY-SA 3.0;https://world.openpetfoodfacts.org/product/3182550743709
3182550751308;Open Pet Food Facts;CC BY-SA 3.0;https://world.openpetfoodfacts.org/product/3182550751308
3182550751995;Open Pet Food Facts;CC BY-SA 3.0;https://world.openpetfoodfacts.org/product/3182550751995
3182550752404;Open Pet Food Facts;CC BY-SA 3.0;https://world.openpetfoodfacts.org/product/3182550752404
3182550756402;Open Pet Food Facts;CC BY-SA 3.0;https://world.openpetfoodfacts.org/product/3182550756402
3182550758857;Open Pet Food Facts;CC BY-SA 3.0;https://world.openpetfoodfacts.org/product/3182550758857
3182550760232;Open Pet Food Facts;CC BY-SA 3.0;https://world.openpetfoodfacts.org/product/3182550760232
3182550760317;Open Pet Food Facts;CC BY-SA 3.0;https://world.openpetfoodfacts.org/product/3182550760317
3182550760324;Open Pet Food Facts;CC BY-SA 3.0;https://world.openpetfoodfacts.org/product/3182550760324
3182550761925;Open Pet Food Facts;CC BY-SA 3.0;https://world.openpetfoodfacts.org/product/3182550761925
3182550761970;Open Pet Food Facts;CC BY-SA 3.0;https://world.openpetfoodfacts.org/product/3182550761970
3182550764544;Open Pet Food Facts;CC BY-SA 3.0;https://world.openpetfoodfacts.org/product/3182550764544
3182550765206;Open Pet Food Facts;CC BY-SA 3.0;https://world.openpetfoodfacts.org/product/3182550765206
3182550768474;Open Pet Food Facts;CC BY-SA 3.0;https://world.openpetfoodfacts.org/product/3182550768474
3182550770941;Open Pet Food Facts;CC BY-SA 3.0;https://world.openpetfoodfacts.org/product/3182550770941
3182550771054;Open Pet Food Facts;CC BY-SA 3.0;https://world.openpetfoodfacts.org/product/3182550771054
3182550771153;Open Pet Food Facts;CC BY-SA 3.0;https://world.openpetfoodfacts.org/product/3182550771153
3182550771245;Open Pet Food Facts;CC BY-SA 3.0;https://world.openpetfoodfacts.org/product/3182550771245
3182550771290;Open Pet Food Facts;CC BY-SA 3.0;https://world.openpetfoodfacts.org/product/3182550771290
3182550773829;Open Pet Food Facts;CC BY-SA 3.0;https://world.openpetfoodfacts.org/product/3182550773829
3182550782203;Open Pet Food Facts;CC BY-SA 3.0;https://world.openpetfoodfacts.org/product/3182550782203
3182550784511;Open Pet Food Facts;CC BY-SA 3.0;https://world.openpetfoodfacts.org/product/3182550784511
3182550787826;Open Pet Food Facts;CC BY-SA 3.0;https://world.openpetfoodfacts.org/product/3182550787826
3182550793001;Open Pet Food Facts;CC BY-SA 3.0;https://world.openpetfoodfacts.org/product/3182550793001
3182550793568;Open Pet Food Facts;CC BY-SA 3.0;https://world.openpetfoodfacts.org/product/3182550793568
3182550793575;Open Pet Food Facts;CC BY-SA 3.0;https://world.openpetfoodfacts.org/product/3182550793575
3182550793704;Open Pet Food Facts;CC BY-SA 3.0;https://world.openpetfoodfacts.org/product/3182550793704
3182550798945;Open Pet Food Facts;CC BY-SA 3.0;https://world.openpetfoodfacts.org/product/3182550798945
3182550799638;Open Pet Food Facts;CC BY-SA 3.0;https://world.openpetfoodfacts.org/product/3182550799638
3182550802734;Open Pet Food Facts;CC BY-SA 3.0;https://world.openpetfoodfacts.org/product/3182550802734
3182550805155;Open Pet Food Facts;CC BY-SA 3.0;https://world.openpetfoodfacts.org/product/3182550805155
3182550805353;Open Pet Food Facts;CC BY-SA 3.0;https://world.openpetfoodfacts.org/product/3182550805353
3182550811637;Open Pet Food Facts;CC BY-SA 3.0;https://world.openpetfoodfacts.org/product/3182550811637
3182550811705;Open Pet Food Facts;CC BY-SA 3.0;https://world.openpetfoodfacts.org/product/3182550811705
3182550813051;Open Pet Food Facts;CC BY-SA 3.0;https://world.openpetfoodfacts.org/product/3182550813051
3182550821414;Open Pet Food Facts;CC BY-SA 3.0;https://world.openpetfoodfacts.org/product/3182550821414
3182550821766;Open Pet Food Facts;CC BY-SA 3.0;https://world.openpetfoodfacts.org/product/3182550821766
3182550831109;Open Pet Food Facts;CC BY-SA 3.0;https://world.openpetfoodfacts.org/product/3182550831109
3182550831383;Open Pet Food Facts;CC BY-SA 3.0;https://world.openpetfoodfacts.org/product/3182550831383
3182550842075;Open Pet Food Facts;CC BY-SA 3.0;https://world.openpetfoodfacts.org/product/3182550842075
3182550842907;Open Pet Food Facts;CC BY-SA 3.0;https://world.openpetfoodfacts.org/product/3182550842907
3182550852364;Open Pet Food Facts;CC BY-SA 3.0;https://world.openpetfoodfacts.org/product/3182550852364
3182550852678;Open Pet Food Facts;CC BY-SA 3.0;https://world.openpetfoodfacts.org/product/3182550852678
3182550864091;Open Pet Food Facts;CC BY-SA 3.0;https://world.openpetfoodfacts.org/product/3182550864091
3182550879873;Open Pet Food Facts;CC BY-SA 3.0;https://world.openpetfoodfacts.org/product/3182550879873
3182550893701;Open Pet Food Facts;CC BY-SA 3.0;https://world.openpetfoodfacts.org/product/3182550893701
3182550893886;Open Pet Food Facts;CC BY-SA 3.0;https://world.openpetfoodfacts.org/product/3182550893886
3182550893947;Open Pet Food Facts;CC BY-SA 3.0;https://world.openpetfoodfacts.org/product/3182550893947
3182550894029;Open Pet Food Facts;CC BY-SA 3.0;https://world.openpetfoodfacts.org/product/3182550894029
3182550894074;Open Pet Food Facts;CC BY-SA 3.0;https://world.openpetfoodfacts.org/product/3182550894074
3182550895149;Open Pet Food Facts;CC BY-SA 3.0;https://world.openpetfoodfacts.org/product/3182550895149
3182550906241;Open Pet Food Facts;CC BY-SA 3.0;https://world.openpetfoodfacts.org/product/3182550906241
3182550906609;Open Pet Food Facts;CC BY-SA 3.0;https://world.openpetfoodfacts.org/product/3182550906609
3182550908443;Open Pet Food Facts;CC BY-SA 3.0;https://world.openpetfoodfacts.org/product/3182550908443
3182550920414;Open Pet Food Facts;CC BY-SA 3.0;https://world.openpetfoodfacts.org/product/3182550920414
3182550928724;Open Pet Food Facts;CC BY-SA 3.0;https://world.openpetfoodfacts.org/product/3182550928724
3182550932707;Open Pet Food Facts;CC BY-SA 3.0;https://world.openpetfoodfacts.org/product/3182550932707
3182550940214;Open Pet Food Facts;CC BY-SA 3.0;https://world.openpetfoodfacts.org/product/3182550940214
3182551055672;Open Pet Food Facts;CC BY-SA 3.0;https://world.openpetfoodfacts.org/product/3182551055672
3222270189927;Open Pet Food Facts;CC BY-SA 3.0;https://world.openpetfoodfacts.org/product/3222270189927
3222270550673;Open Pet Food Facts;CC BY-SA 3.0;https://world.openpetfoodfacts.org/product/3222270550673
3222270889759;Open Pet Food Facts;CC BY-SA 3.0;https://world.openpetfoodfacts.org/product/3222270889759
4002633557223;Open Pet Food Facts;CC BY-SA 3.0;https://world.openpetfoodfacts.org/product/4002633557223
4002633758019;Open Pet Food Facts;CC BY-SA 3.0;https://world.openpetfoodfacts.org/product/4002633758019
4008239313195;Open Pet Food Facts;CC BY-SA 3.0;https://world.openpetfoodfacts.org/product/4008239313195
4008239315342;Open Pet Food Facts;CC BY-SA 3.0;https://world.openpetfoodfacts.org/product/4008239315342
4008239352903;Open Pet Food Facts;CC BY-SA 3.0;https://world.openpetfoodfacts.org/product/4008239352903
4008239589781;Open Pet Food Facts;CC BY-SA 3.0;https://world.openpetfoodfacts.org/product/4008239589781
4008239589798;Open Pet Food Facts;CC BY-SA 3.0;https://world.openpetfoodfacts.org/product/4008239589798
4008239594709;Open Pet Food Facts;CC BY-SA 3.0;https://world.openpetfoodfacts.org/product/4008239594709
4008429082917;Open Pet Food Facts;CC BY-SA 3.0;https://world.openpetfoodfacts.org/product/4008429082917
4008429087851;Open Pet Food Facts;CC BY-SA 3.0;https://world.openpetfoodfacts.org/product/4008429087851
4008429092749;Open Pet Food Facts;CC BY-SA 3.0;https://world.openpetfoodfacts.org/product/4008429092749
4008429092954;Open Pet Food Facts;CC BY-SA 3.0;https://world.openpetfoodfacts.org/product/4008429092954
4008429117640;Open Pet Food Facts;CC BY-SA 3.0;https://world.openpetfoodfacts.org/product/4008429117640
4008429134869;Open Pet Food Facts;CC BY-SA 3.0;https://world.openpetfoodfacts.org/product/4008429134869
4008429134951;Open Pet Food Facts;CC BY-SA 3.0;https://world.openpetfoodfacts.org/product/4008429134951
4008429155963;Open Pet Food Facts;CC BY-SA 3.0;https://world.openpetfoodfacts.org/product/4008429155963
4008429159435;Open Pet Food Facts;CC BY-SA 3.0;https://world.openpetfoodfacts.org/product/4008429159435
4008429159640;Open Pet Food Facts;CC BY-SA 3.0;https://world.openpetfoodfacts.org/product/4008429159640
4008429160264;Open Pet Food Facts;CC BY-SA 3.0;https://world.openpetfoodfacts.org/product/4008429160264
4008429160318;Open Pet Food Facts;CC BY-SA 3.0;https://world.openpetfoodfacts.org/product/4008429160318
4770608244163;Open Pet Food Facts;CC BY-SA 3.0;https://world.openpetfoodfacts.org/product/4770608244163
4770608253608;Open Pet Food Facts;CC BY-SA 3.0;https://world.openpetfoodfacts.org/product/4770608253608
4770608254353;Open Pet Food Facts;CC BY-SA 3.0;https://world.openpetfoodfacts.org/product/4770608254353
4770608255886;Open Pet Food Facts;CC BY-SA 3.0;https://world.openpetfoodfacts.org/product/4770608255886
4770608262044;Open Pet Food Facts;CC BY-SA 3.0;https://world.openpetfoodfacts.org/product/4770608262044
4770608262051;Open Pet Food Facts;CC BY-SA 3.0;https://world.openpetfoodfacts.org/product/4770608262051
4770608263492;Open Pet Food Facts;CC BY-SA 3.0;https://world.openpetfoodfacts.org/product/4770608263492
4770608265113;Open Pet Food Facts;CC BY-SA 3.0;https://world.openpetfoodfacts.org/product/4770608265113
5000161032457;Open Pet Food Facts;CC BY-SA 3.0;https://world.openpetfoodfacts.org/product/5000161032457
50045426;Open Pet Food Facts;CC BY-SA 3.0;https://world.openpetfoodfacts.org/product/50045426
5060122490016;Open Pet Food Facts;CC BY-SA 3.0;https://world.openpetfoodfacts.org/product/5060122490016
5060122490047;Open Pet Food Facts;CC BY-SA 3.0;https://world.openpetfoodfacts.org/product/5060122490047
5060122490054;Open Pet Food Facts;CC BY-SA 3.0;https://world.openpetfoodfacts.org/product/5060122490054
5060122490078;Open Pet Food Facts;CC BY-SA 3.0;https://world.openpetfoodfacts.org/product/5060122490078
5060122490412;Open Pet Food Facts;CC BY-SA 3.0;https://world.openpetfoodfacts.org/product/5060122490412
5060122491365;Open Pet Food Facts;CC BY-SA 3.0;https://world.openpetfoodfacts.org/product/5060122491365
5060122491389;Open Pet Food Facts;CC BY-SA 3.0;https://world.openpetfoodfacts.org/product/5060122491389
5060122491433;Open Pet Food Facts;CC BY-SA 3.0;https://world.openpetfoodfacts.org/product/5060122491433
5060122492072;Open Pet Food Facts;CC BY-SA 3.0;https://world.openpetfoodfacts.org/product/5060122492072
5060122496599;Open Pet Food Facts;CC BY-SA 3.0;https://world.openpetfoodfacts.org/product/5060122496599
5060122497275;Open Pet Food Facts;CC BY-SA 3.0;https://world.openpetfoodfacts.org/product/5060122497275
5060333434717;Open Pet Food Facts;CC BY-SA 3.0;https://world.openpetfoodfacts.org/product/5060333434717
5060333435646;Open Pet Food Facts;CC BY-SA 3.0;https://world.openpetfoodfacts.org/product/5060333435646
5060333439408;Open Pet Food Facts;CC BY-SA 3.0;https://world.openpetfoodfacts.org/product/5060333439408
5407009641084;Open Pet Food Facts;CC BY-SA 3.0;https://world.openpetfoodfacts.org/product/5407009641084
5407009641091;Open Pet Food Facts;CC BY-SA 3.0;https://world.openpetfoodfacts.org/product/5407009641091
5410340311004;Open Pet Food Facts;CC BY-SA 3.0;https://world.openpetfoodfacts.org/product/5410340311004
5410340311479;Open Pet Food Facts;CC BY-SA 3.0;https://world.openpetfoodfacts.org/product/5410340311479
5410340380123;Open Pet Food Facts;CC BY-SA 3.0;https://world.openpetfoodfacts.org/product/5410340380123
5410340410646;Open Pet Food Facts;CC BY-SA 3.0;https://world.openpetfoodfacts.org/product/5410340410646
5425039485003;Open Pet Food Facts;CC BY-SA 3.0;https://world.openpetfoodfacts.org/product/5425039485003
5425039485089;Open Pet Food Facts;CC BY-SA 3.0;https://world.openpetfoodfacts.org/product/5425039485089
5425039485126;Open Pet Food Facts;CC BY-SA 3.0;https://world.openpetfoodfacts.org/product/5425039485126
5425039485300;Open Pet Food Facts;CC BY-SA 3.0;https://world.openpetfoodfacts.org/product/5425039485300
5425039485317;Open Pet Food Facts;CC BY-SA 3.0;https://world.openpetfoodfacts.org/product/5425039485317
5425039485331;Open Pet Food Facts;CC BY-SA 3.0;https://world.openpetfoodfacts.org/product/5425039485331
5425039485416;Open Pet Food Facts;CC BY-SA 3.0;https://world.openpetfoodfacts.org/product/5425039485416
5425039488028;Open Pet Food Facts;CC BY-SA 3.0;https://world.openpetfoodfacts.org/product/5425039488028
5900951141294;Open Pet Food Facts;CC BY-SA 3.0;https://world.openpetfoodfacts.org/product/5900951141294
5900951296499;Open Pet Food Facts;CC BY-SA 3.0;https://world.openpetfoodfacts.org/product/5900951296499
5900951296512;Open Pet Food Facts;CC BY-SA 3.0;https://world.openpetfoodfacts.org/product/5900951296512
5900951299797;Open Pet Food Facts;CC BY-SA 3.0;https://world.openpetfoodfacts.org/product/5900951299797
5900951307553;Open Pet Food Facts;CC BY-SA 3.0;https://world.openpetfoodfacts.org/product/5900951307553
5900951307591;Open Pet Food Facts;CC BY-SA 3.0;https://world.openpetfoodfacts.org/product/5900951307591
5900951307775;Open Pet Food Facts;CC BY-SA 3.0;https://world.openpetfoodfacts.org/product/5900951307775
5900951315374;Open Pet Food Facts;CC BY-SA 3.0;https://world.openpetfoodfacts.org/product/5900951315374
5998749145166;Open Pet Food Facts;CC BY-SA 3.0;https://world.openpetfoodfacts.org/product/5998749145166
7300330036209;Open Pet Food Facts;CC BY-SA 3.0;https://world.openpetfoodfacts.org/product/7300330036209
7300330036339;Open Pet Food Facts;CC BY-SA 3.0;https://world.openpetfoodfacts.org/product/7300330036339
7300330049193;Open Pet Food Facts;CC BY-SA 3.0;https://world.openpetfoodfacts.org/product/7300330049193
7311030311114;Open Pet Food Facts;CC BY-SA 3.0;https://world.openpetfoodfacts.org/product/7311030311114
7311030312111;Open Pet Food Facts;CC BY-SA 3.0;https://world.openpetfoodfacts.org/product/7311030312111
7311030313118;Open Pet Food Facts;CC BY-SA 3.0;https://world.openpetfoodfacts.org/product/7311030313118
7311030315112;Open Pet Food Facts;CC BY-SA 3.0;https://world.openpetfoodfacts.org/product/7311030315112
7311030317116;Open Pet Food Facts;CC BY-SA 3.0;https://world.openpetfoodfacts.org/product/7311030317116
7311030318113;Open Pet Food Facts;CC BY-SA 3.0;https://world.openpetfoodfacts.org/product/7311030318113
7613032228569;Open Pet Food Facts;CC BY-SA 3.0;https://world.openpetfoodfacts.org/product/7613032228569
7613032955748;Open Pet Food Facts;CC BY-SA 3.0;https://world.openpetfoodfacts.org/product/7613032955748
7613033562792;Open Pet Food Facts;CC BY-SA 3.0;https://world.openpetfoodfacts.org/product/7613033562792
7613033564642;Open Pet Food Facts;CC BY-SA 3.0;https://world.openpetfoodfacts.org/product/7613033564642
7613033568558;Open Pet Food Facts;CC BY-SA 3.0;https://world.openpetfoodfacts.org/product/7613033568558
7613033568589;Open Pet Food Facts;CC BY-SA 3.0;https://world.openpetfoodfacts.org/product/7613033568589
7613033568619;Open Pet Food Facts;CC BY-SA 3.0;https://world.openpetfoodfacts.org/product/7613033568619
7613034989673;Open Pet Food Facts;CC BY-SA 3.0;https://world.openpetfoodfacts.org/product/7613034989673
7613034995193;Open Pet Food Facts;CC BY-SA 3.0;https://world.openpetfoodfacts.org/product/7613034995193
7613034997661;Open Pet Food Facts;CC BY-SA 3.0;https://world.openpetfoodfacts.org/product/7613034997661
7613035114746;Open Pet Food Facts;CC BY-SA 3.0;https://world.openpetfoodfacts.org/product/7613035114746
7613035114777;Open Pet Food Facts;CC BY-SA 3.0;https://world.openpetfoodfacts.org/product/7613035114777
7613035114807;Open Pet Food Facts;CC BY-SA 3.0;https://world.openpetfoodfacts.org/product/7613035114807
7613035114838;Open Pet Food Facts;CC BY-SA 3.0;https://world.openpetfoodfacts.org/product/7613035114838
7613035114890;Open Pet Food Facts;CC BY-SA 3.0;https://world.openpetfoodfacts.org/product/7613035114890
7613035114920;Open Pet Food Facts;CC BY-SA 3.0;https://world.openpetfoodfacts.org/product/7613035114920
7613035120426;Open Pet Food Facts;CC BY-SA 3.0;https://world.openpetfoodfacts.org/product/7613035120426
7613035120440;Open Pet Food Facts;CC BY-SA 3.0;https://world.openpetfoodfacts.org/product/7613035120440
7613035122796;Open Pet Food Facts;CC BY-SA 3.0;https://world.openpetfoodfacts.org/product/7613035122796
7613035123779;Open Pet Food Facts;CC BY-SA 3.0;https://world.openpetfoodfacts.org/product/7613035123779
7613035123809;Open Pet Food Facts;CC BY-SA 3.0;https://world.openpetfoodfacts.org/product/7613035123809
7613035125032;Open Pet Food Facts;CC BY-SA 3.0;https://world.openpetfoodfacts.org/product/7613035125032
7613035153509;Open Pet Food Facts;CC BY-SA 3.0;https://world.openpetfoodfacts.org/product/7613035153509
7613035159181;Open Pet Food Facts;CC BY-SA 3.0;https://world.openpetfoodfacts.org/product/7613035159181
7613035214798;Open Pet Food Facts;CC BY-SA 3.0;https://world.openpetfoodfacts.org/product/7613035214798
7613035214811;Open Pet Food Facts;CC BY-SA 3.0;https://world.openpetfoodfacts.org/product/7613035214811
7613035417045;Open Pet Food Facts;CC BY-SA 3.0;https://world.openpetfoodfacts.org/product/7613035417045
7613035438538;Open Pet Food Facts;CC BY-SA 3.0;https://world.openpetfoodfacts.org/product/7613035438538
7613035610743;Open Pet Food Facts;CC BY-SA 3.0;https://world.openpetfoodfacts.org/product/7613035610743
7613035610958;Open Pet Food Facts;CC BY-SA 3.0;https://world.openpetfoodfacts.org/product/7613035610958
7613035610972;Open Pet Food Facts;CC BY-SA 3.0;https://world.openpetfoodfacts.org/product/7613035610972
7613035611610;Open Pet Food Facts;CC BY-SA 3.0;https://world.openpetfoodfacts.org/product/7613035611610
7613035614468;Open Pet Food Facts;CC BY-SA 3.0;https://world.openpetfoodfacts.org/product/7613035614468
7613035829008;Open Pet Food Facts;CC BY-SA 3.0;https://world.openpetfoodfacts.org/product/7613035829008
7613036142922;Open Pet Food Facts;CC BY-SA 3.0;https://world.openpetfoodfacts.org/product/7613036142922
7613036416054;Open Pet Food Facts;CC BY-SA 3.0;https://world.openpetfoodfacts.org/product/7613036416054
7613036505208;Open Pet Food Facts;CC BY-SA 3.0;https://world.openpetfoodfacts.org/product/7613036505208
7613036529150;Open Pet Food Facts;CC BY-SA 3.0;https://world.openpetfoodfacts.org/product/7613036529150
7613036632102;Open Pet Food Facts;CC BY-SA 3.0;https://world.openpetfoodfacts.org/product/7613036632102
7613036632126;Open Pet Food Facts;CC BY-SA 3.0;https://world.openpetfoodfacts.org/product/7613036632126
7613036731942;Open Pet Food Facts;CC BY-SA 3.0;https://world.openpetfoodfacts.org/product/7613036731942
7613038543154;Open Pet Food Facts;CC BY-SA 3.0;https://world.openpetfoodfacts.org/product/7613038543154
7613039167168;Open Pet Food Facts;CC BY-SA 3.0;https://world.openpetfoodfacts.org/product/7613039167168
7613039850633;Open Pet Food Facts;CC BY-SA 3.0;https://world.openpetfoodfacts.org/product/7613039850633
7613039850909;Open Pet Food Facts;CC BY-SA 3.0;https://world.openpetfoodfacts.org/product/7613039850909
7613287232700;Open Pet Food Facts;CC BY-SA 3.0;https://world.openpetfoodfacts.org/product/7613287232700
7613287790866;Open Pet Food Facts;CC BY-SA 3.0;https://world.openpetfoodfacts.org/product/7613287790866
7613287873620;Open Pet Food Facts;CC BY-SA 3.0;https://world.openpetfoodfacts.org/product/7613287873620
8001154001877;Open Pet Food Facts;CC BY-SA 3.0;https://world.openpetfoodfacts.org/product/8001154001877
8001154007008;Open Pet Food Facts;CC BY-SA 3.0;https://world.openpetfoodfacts.org/product/8001154007008
8001154120332;Open Pet Food Facts;CC BY-SA 3.0;https://world.openpetfoodfacts.org/product/8001154120332
8001154121346;Open Pet Food Facts;CC BY-SA 3.0;https://world.openpetfoodfacts.org/product/8001154121346
8001154125962;Open Pet Food Facts;CC BY-SA 3.0;https://world.openpetfoodfacts.org/product/8001154125962
8001154127072;Open Pet Food Facts;CC BY-SA 3.0;https://world.openpetfoodfacts.org/product/8001154127072
8005852111159;Open Pet Food Facts;CC BY-SA 3.0;https://world.openpetfoodfacts.org/product/8005852111159
8005852150042;Open Pet Food Facts;CC BY-SA 3.0;https://world.openpetfoodfacts.org/product/8005852150042
8005852171030;Open Pet Food Facts;CC BY-SA 3.0;https://world.openpetfoodfacts.org/product/8005852171030
8005852171054;Open Pet Food Facts;CC BY-SA 3.0;https://world.openpetfoodfacts.org/product/8005852171054
8005852172730;Open Pet Food Facts;CC BY-SA 3.0;https://world.openpetfoodfacts.org/product/8005852172730
8005852257116;Open Pet Food Facts;CC BY-SA 3.0;https://world.openpetfoodfacts.org/product/8005852257116
8005852753076;Open Pet Food Facts;CC BY-SA 3.0;https://world.openpetfoodfacts.org/product/8005852753076
8410136019883;Open Pet Food Facts;CC BY-SA 3.0;https://world.openpetfoodfacts.org/product/8410136019883
8445290092939;Open Pet Food Facts;CC BY-SA 3.0;https://world.openpetfoodfacts.org/product/8445290092939
8445290289742;Open Pet Food Facts;CC BY-SA 3.0;https://world.openpetfoodfacts.org/product/8445290289742
8445290408839;Open Pet Food Facts;CC BY-SA 3.0;https://world.openpetfoodfacts.org/product/8445290408839
8445290505330;Open Pet Food Facts;CC BY-SA 3.0;https://world.openpetfoodfacts.org/product/8445290505330
8595602508877;Open Pet Food Facts;CC BY-SA 3.0;https://world.openpetfoodfacts.org/product/8595602508877
8595602508891;Open Pet Food Facts;CC BY-SA 3.0;https://world.openpetfoodfacts.org/product/8595602508891
8595602508938;Open Pet Food Facts;CC BY-SA 3.0;https://world.openpetfoodfacts.org/product/8595602508938
8595602527472;Open Pet Food Facts;CC BY-SA 3.0;https://world.openpetfoodfacts.org/product/8595602527472
8595602537525;Open Pet Food Facts;CC BY-SA 3.0;https://world.openpetfoodfacts.org/product/8595602537525
8595602537556;Open Pet Food Facts;CC BY-SA 3.0;https://world.openpetfoodfacts.org/product/8595602537556
8595602537662;Open Pet Food Facts;CC BY-SA 3.0;https://world.openpetfoodfacts.org/product/8595602537662
8595602540686;Open Pet Food Facts;CC BY-SA 3.0;https://world.openpetfoodfacts.org/product/8595602540686
8595602540716;Open Pet Food Facts;CC BY-SA 3.0;https://world.openpetfoodfacts.org/product/8595602540716
8595602540747;Open Pet Food Facts;CC BY-SA 3.0;https://world.openpetfoodfacts.org/product/8595602540747
8595602540860;Open Pet Food Facts;CC BY-SA 3.0;https://world.openpetfoodfacts.org/product/8595602540860
8595602540891;Open Pet Food Facts;CC BY-SA 3.0;https://world.openpetfoodfacts.org/product/8595602540891
8595602558636;Open Pet Food Facts;CC BY-SA 3.0;https://world.openpetfoodfacts.org/product/8595602558636
8595602558698;Open Pet Food Facts;CC BY-SA 3.0;https://world.openpetfoodfacts.org/product/8595602558698
8595602558841;Open Pet Food Facts;CC BY-SA 3.0;https://world.openpetfoodfacts.org/product/8595602558841
8710255100463;Open Pet Food Facts;CC BY-SA 3.0;https://world.openpetfoodfacts.org/product/8710255100463
8710255120232;Open Pet Food Facts;CC BY-SA 3.0;https://world.openpetfoodfacts.org/product/8710255120232
8710421008456;Open Pet Food Facts;CC BY-SA 3.0;https://world.openpetfoodfacts.org/product/8710421008456
8710429018051;Open Pet Food Facts;CC BY-SA 3.0;https://world.openpetfoodfacts.org/product/8710429018051
8711231151936;Open Pet Food Facts;CC BY-SA 3.0;https://world.openpetfoodfacts.org/product/8711231151936
8714265000195;Open Pet Food Facts;CC BY-SA 3.0;https://world.openpetfoodfacts.org/product/8714265000195
8714265071362;Open Pet Food Facts;CC BY-SA 3.0;https://world.openpetfoodfacts.org/product/8714265071362
8714265071904;Open Pet Food Facts;CC BY-SA 3.0;https://world.openpetfoodfacts.org/product/8714265071904
8714265090523;Open Pet Food Facts;CC BY-SA 3.0;https://world.openpetfoodfacts.org/product/8714265090523
8714265090622;Open Pet Food Facts;CC BY-SA 3.0;https://world.openpetfoodfacts.org/product/8714265090622
8714265270369;Open Pet Food Facts;CC BY-SA 3.0;https://world.openpetfoodfacts.org/product/8714265270369
8714265270765;Open Pet Food Facts;CC BY-SA 3.0;https://world.openpetfoodfacts.org/product/8714265270765
8714265973154;Open Pet Food Facts;CC BY-SA 3.0;https://world.openpetfoodfacts.org/product/8714265973154
8714265975110;Open Pet Food Facts;CC BY-SA 3.0;https://world.openpetfoodfacts.org/product/8714265975110
8714265975325;Open Pet Food Facts;CC BY-SA 3.0;https://world.openpetfoodfacts.org/product/8714265975325
8714831001526;Open Pet Food Facts;CC BY-SA 3.0;https://world.openpetfoodfacts.org/product/8714831001526
8714857400648;Open Pet Food Facts;CC BY-SA 3.0;https://world.openpetfoodfacts.org/product/8714857400648
8716811001137;Open Pet Food Facts;CC BY-SA 3.0;https://world.openpetfoodfacts.org/product/8716811001137
8853301003506;Open Pet Food Facts;CC BY-SA 3.0;https://world.openpetfoodfacts.org/product/8853301003506
9003579000489;Open Pet Food Facts;CC BY-SA 3.0;https://world.openpetfoodfacts.org/product/9003579000489
9003579000519;Open Pet Food Facts;CC BY-SA 3.0;https://world.openpetfoodfacts.org/product/9003579000519
9003579003831;Open Pet Food Facts;CC BY-SA 3.0;https://world.openpetfoodfacts.org/product/9003579003831
9003579006146;Open Pet Food Facts;CC BY-SA 3.0;https://world.openpetfoodfacts.org/product/9003579006146
9003579007129;Open Pet Food Facts;CC BY-SA 3.0;https://world.openpetfoodfacts.org/product/9003579007129
9003579007167;Open Pet Food Facts;CC BY-SA 3.0;https://world.openpetfoodfacts.org/product/9003579007167
9003579008201;Open Pet Food Facts;CC BY-SA 3.0;https://world.openpetfoodfacts.org/product/9003579008201
9003579008249;Open Pet Food Facts;CC BY-SA 3.0;https://world.openpetfoodfacts.org/product/9003579008249
9003579008287;Open Pet Food Facts;CC BY-SA 3.0;https://world.openpetfoodfacts.org/product/9003579008287
9003579008324;Open Pet Food Facts;CC BY-SA 3.0;https://world.openpetfoodfacts.org/product/9003579008324
9003579008362;Open Pet Food Facts;CC BY-SA 3.0;https://world.openpetfoodfacts.org/product/9003579008362
9003579008409;Open Pet Food Facts;CC BY-SA 3.0;https://world.openpetfoodfacts.org/product/9003579008409
9003579008737;Open Pet Food Facts;CC BY-SA 3.0;https://world.openpetfoodfacts.org/product/9003579008737
9003579008775;Open Pet Food Facts;CC BY-SA 3.0;https://world.openpetfoodfacts.org/product/9003579008775
9003579008812;Open Pet Food Facts;CC BY-SA 3.0;https://world.openpetfoodfacts.org/product/9003579008812
9003579009451;Open Pet Food Facts;CC BY-SA 3.0;https://world.openpetfoodfacts.org/product/9003579009451
9003579011423;Open Pet Food Facts;CC BY-SA 3.0;https://world.openpetfoodfacts.org/product/9003579011423
9003579011980;Open Pet Food Facts;CC BY-SA 3.0;https://world.openpetfoodfacts.org/product/9003579011980
9003579013397;Open Pet Food Facts;CC BY-SA 3.0;https://world.openpetfoodfacts.org/product/9003579013397
9003579013410;Open Pet Food Facts;CC BY-SA 3.0;https://world.openpetfoodfacts.org/product/9003579013410
9003579013861;Open Pet Food Facts;CC BY-SA 3.0;https://world.openpetfoodfacts.org/product/9003579013861
9003579013977;Open Pet Food Facts;CC BY-SA 3.0;https://world.openpetfoodfacts.org/product/9003579013977
9003579014899;Open Pet Food Facts;CC BY-SA 3.0;https://world.openpetfoodfacts.org/product/9003579014899
9003579015902;Open Pet Food Facts;CC BY-SA 3.0;https://world.openpetfoodfacts.org/product/9003579015902
9003579018934;Open Pet Food Facts;CC BY-SA 3.0;https://world.openpetfoodfacts.org/product/9003579018934
9003579019030;Open Pet Food Facts;CC BY-SA 3.0;https://world.openpetfoodfacts.org/product/9003579019030
9003579307717;Open Pet Food Facts;CC BY-SA 3.0;https://world.openpetfoodfacts.org/product/9003579307717
9003579308745;Open Pet Food Facts;CC BY-SA 3.0;https://world.openpetfoodfacts.org/product/9003579308745
9003579309445;Open Pet Food Facts;CC BY-SA 3.0;https://world.openpetfoodfacts.org/product/9003579309445
9003579309469;Open Pet Food Facts;CC BY-SA 3.0;https://world.openpetfoodfacts.org/product/9003579309469
9003579309544;Open Pet Food Facts;CC BY-SA 3.0;https://world.openpetfoodfacts.org/product/9003579309544
9003579310175;Open Pet Food Facts;CC BY-SA 3.0;https://world.openpetfoodfacts.org/product/9003579310175
9003579311295;Open Pet Food Facts;CC BY-SA 3.0;https://world.openpetfoodfacts.org/product/9003579311295
9003579311462;Open Pet Food Facts;CC BY-SA 3.0;https://world.openpetfoodfacts.org/product/9003579311462
9003579311479;Open Pet Food Facts;CC BY-SA 3.0;https://world.openpetfoodfacts.org/product/9003579311479
9003579311660;Open Pet Food Facts;CC BY-SA 3.0;https://world.openpetfoodfacts.org/product/9003579311660
9003579311783;Open Pet Food Facts;CC BY-SA 3.0;https://world.openpetfoodfacts.org/product/9003579311783
9003579311844;Open Pet Food Facts;CC BY-SA 3.0;https://world.openpetfoodfacts.org/product/9003579311844
